Track,Times Used
01 - The Gate at Daybreak,2
02 - Morning Cafe,2
03 - The Old Library,2
04 - Maple Street Walk,2
05 - Bakery on the Corner,2
06 - Riverside Path,2
07 - The Flower Market,2
08 - The Clock Tower Square,2
09 - The Hidden Garden,2
10 - The Hill Above Rain Valley,2
11 - The Artist's Alley,2
12 - Golden Hour Bridge,2
13 - Lanterns Before Sunset,2
14 - The First Lantern,2
15 - The Evening Tea House,3
16 - The First Raindrops,3
17 - Lantern Reflections,3
18 - Rain at the Cafe Window,3
19 - The Last Train Home,3
20 - Goodnight Rain Valley,2
